0,RQ?,{Gz
0.004,(\?,{Gz
0.008,)\(?,Q
0.012,=
ףp=?,HzG
0.016,Q?,ffffff
0.02,RQ?,333333
0.024,{Gz?,Q
0.028,p=
ף?,=
ףp=
0.032,?,333333
0.036,Gz?,
0.04,Q?,
0.044,?,Q
0.048,(\?,q=
ףp
0.052,?,ffffff
0.056,p=
ף?,\(\
0.06,Q?,Q
0.064,Gz?,q=
ףp
0.068,)\(?,q=
ףp
0.072,ףp=
?,p=
ף
0.076,Q롿,333333
0.08,(\ſ,ףp=

0.084,RQп,Q
0.088,(\п,Q
0.092,(\ҿ,Qۿ
0.096,333333ӿ,q=
ףpտ
0.1,q=
ףpտ,)\(̿
0.104,\(\׿,{Gz
0.108,p=
ףؿ,Q?
0.112,Qֿ,?
0.116,Qֿ,(\?
0.12,
ףp=
׿,Q?
0.124,(\տ,333333?
0.128,
ףp=
׿,ףp=
?
0.132,Gz׿,Q?
0.136,ffffffֿ,(\?
0.14,\(\׿,?
0.144,Gzֿ,Q?
0.148,\(\׿,?
0.152,Կ,Q?
0.156,q=
ףpտ,)\(?
0.16,Gzֿ,zG?
0.164,ffffffֿ,
0.168,p=
ףؿ,Gz?
0.172,Qֿ,RQ?
0.176,\(\׿,Q?
0.18,ffffffֿ,?
0.184,ffffffֿ,?
0.188,(\տ,?
0.192,
ףp=
׿,Q?
0.196,
ףp=
׿,Q?
0.2,p=
ףؿ,?
0.204,p=
ףؿ,Gz?
0.208,(\ؿ,ffffff?
0.212,ٿ,ffffff?
0.216,Qٿ,p=
ף?
0.22,,=
ףp=?
0.224,ٿ,Q?
0.228,ٿ,333333?
0.232,=
ףp=ڿ,Q?
0.236,zGڿ,(\?
0.24,zGڿ,
ףp=
?
0.244,Qۿ,{Gz?
0.248,ףp=
ۿ,q=
ףp?
0.252,333333ۿ,(\?
0.256,)\(ܿ,=
ףp=?
0.26,Qݿ,333333?
0.264,)\(ܿ,Q?
0.268,)\(ܿ,ףp=
?
0.272,(\ݿ,q=
ףp?
0.276,Qݿ,Gz?
0.28,{Gzܿ,\(\?
0.284,{Gzܿ,Q?
0.288,\(\߿,
0.292,ܿ,)\(?
0.296,ܿ,{Gz?
0.3,q=
ףpݿ,(\?
0.304,{Gzܿ,Q?
0.308,ffffff޿,Q?
0.312,(\ݿ,=
ףp=?
0.316,{Gzܿ,ffffff?
0.32,{Gzܿ,Gz?
0.324,)\(ܿ,333333?
0.328,ףp=
ۿ,\(\?
0.332,zGڿ,ffffff?
0.336,,zG?
0.34,Qٿ,Q?
0.344,p=
ףؿ,(\?
0.348,(\ؿ,?
0.352,ffffffֿ,p=
ף?
0.356,Gzֿ,?
0.36,ףp=
ӿ,
ףp=
?
0.364,333333ӿ,?
0.368,Qӿ,p=
ף?
0.372,ѿ,
ףp=
?
0.376,Qѿ,(\?
0.38,ѿ,RQ?
0.384,HzGѿ,q=
ףp?
0.388,p=
ףп,Q?
0.392,RQп,
0.396,p=
ףп,?
0.4,zGʿ,?
0.404,RQȿ,)\(?
0.408,zGʿ,RQ?
0.412,Gzο,HzG?
0.416,Gzο,?
0.42,\(\Ͽ,Q?
0.424,RQп,)\(?
0.428,Gzο,Q?
0.432,Gzο,Q?
0.436,\(\Ͽ,Q
0.44,RQп,Q
0.444,̿,{Gz
0.448,Qο,Q롿
0.452,q=
ףpͿ,{Gz
0.456,Gzο,{Gz
0.46,p=
ףп,Q롿
0.464,=
ףp=ҿ,p=
ף
0.468,333333ӿ,)\(
0.472,(\п,
ףp=

0.476,zGҿ,
0.48,(\ҿ,)\(
0.484,333333ӿ,Q롿
0.488,=
ףp=ҿ,{Gz
0.492,(\ҿ,Q
0.496,Qӿ,Q롿
0.5,Qѿ,Q
0.504,=
ףp=ҿ,Q
0.508,333333ӿ,Q롿
0.512,Qӿ,{Gz
0.516,Qӿ,
0.52,ףp=
ӿ,
0.524,)\(Կ,Q롿
0.528,=
ףp=ҿ,)\(
0.532,(\ҿ,{Gz
0.536,{GzԿ,Q
0.54,333333ӿ,
0.544,ףp=
ӿ,{Gz
0.548,=
ףp=ҿ,
0.552,Qѿ,Q
0.556,(\п,p=
ף
0.56,Qӿ,Q
0.564,333333ӿ,{Gz
0.568,{GzԿ,
ףp=

0.572,zGҿ,)\(
0.576,(\ҿ,333333
0.58,333333ӿ,Q
0.584,zGҿ,
ףp=

0.588,333333ӿ,333333
0.592,ףp=
ӿ,RQ
0.596,Qӿ,(\µ
0.6,Qӿ,q=
ףp
0.604,p=
ףп,p=
ף
0.608,RQп,
0.612,Q˿,RQ
0.616,ɿ,{Gz
0.62,ɿ,)\(
0.624,(\ȿ,(\µ
0.628,(\ſ,
0.632,{GzĿ,zGế
0.636,{GzĿ,(\µ
0.64,Q,
ףp=

0.644,p=
ף,Q
0.648,Q,{Gz
0.652,HzG,
0.656,(\¿,Q
0.66,(\¿,{Gz
0.664,Qſ,{Gz
0.668,Qſ,p=
ף
0.672,Gzǿ,Q
0.676,Gzο,
0.68,RQп,q=
ףp
0.684,(\ҿ,(\¿
0.688,p=
ףп,(\ſ
0.692,RQп,Gzǿ
0.696,\(\Ͽ,ɿ
0.7,Qο,Q˿
0.704,=
ףp=ҿ,ɿ
0.708,=
ףp=ҿ,(\ȿ
0.712,ףp=
ӿ,ɿ
0.716,Gzֿ,Gzǿ
0.72,(\տ,RQȿ
0.724,ffffffֿ,
ףp=
ǿ
0.728,Gzֿ,RQȿ
0.732,
ףp=
׿,=
ףp=ʿ
0.736,,zGʿ
0.74,
ףp=
׿,
ףp=
ǿ
0.744,HzGٿ,(\ȿ
0.748,p=
ףؿ,(\ȿ
0.752,p=
ףؿ,
ףp=
ǿ
0.756,RQؿ,(\ſ
0.76,\(\׿,=
ףp=ʿ
0.764,Qֿ,Gzǿ
0.768,ffffffֿ,
ףp=
ǿ
0.772,\(\׿,Q˿
0.776,\(\׿,RQȿ
0.78,\(\׿,RQȿ
0.784,ffffffֿ,RQȿ
0.788,ffffffֿ,(\ȿ
0.792,Qֿ,ffffffƿ
0.796,,
ףp=
ǿ
0.8,RQؿ,)\(̿
0.804,Qֿ,(\ȿ
0.808,q=
ףpտ,RQȿ
0.812,)\(Կ,=
ףp=ʿ
0.816,Qѿ,(\ȿ
0.82,Q˿,Gzǿ
0.824,(\¿,=
ףp=ʿ
0.828,{Gz?,̿
0.832,(\?,)\(̿
0.836,Q?,Gzο
0.84,ffffff?,Qο
0.844,Q?,Gzο
0.848,333333?,̿
0.852,{Gz?,{GzԿ
0.856,,Q
0.86,Q?,ffffff
0.864,Gz?,p=
ף
0.868,Q?,Q
0.872,{Gz?,
0.876,RQ?,Gz
0.88,,p=
ף
0.884,{Gz?,(\
0.888,Gz?,Q
0.892,Q?,p=
ף
0.896,Q?,Gz
0.9,q=
ףp?,Gz
0.904,(\?,{Gz
0.908,Q?,HzG
0.912,{Gz?,\(\
0.916,RQ?,zG
0.92,=
ףp=?,
ףp=

0.924,Q?,
0.928,Q?,)\(
0.932,zGế,(\
0.936,Qο,ffffff
0.94,=
ףp=ҿ,
0.944,zGҿ,Q
0.948,zGҿ,
0.952,zGҿ,Qٿ
0.956,Gz׿,=
ףp=ҿ
0.96,HzGٿ,ffffffƿ
0.964,(\ڿ,
0.968,zGڿ,)\(?
0.972,(\ڿ,)\(?
0.976,(\ڿ,)\(?
0.98,(\ؿ,Q?
0.984,HzGٿ,q=
ףp?
0.988,Gz׿,333333?
0.992,,p=
ף?
0.996,Gz׿,HzG?
1,,ףp=
?
1.004,RQؿ,
ףp=
?
1.008,HzGٿ,
ףp=
?
1.012,zGڿ,
ףp=
?
1.016,Qٿ,zG?
1.02,(\ؿ,RQ?
1.024,(\ؿ,zG?
1.028,RQؿ,=
ףp=?
1.032,(\ڿ,?
1.036,=
ףp=ڿ,q=
ףp?
1.04,=
ףp=ڿ,?
1.044,zGڿ,\(\?
1.048,zGڿ,(\?
1.052,zGڿ,p=
ף?
1.056,HzGٿ,zG?
1.06,=
ףp=ڿ,)\(?
1.064,HzGٿ,ףp=
?
1.068,HzGٿ,)\(?
1.072,zGڿ,(\?
1.076,zGڿ,Gz?
1.08,)\(ܿ,\(\?
1.084,
ףp=
߿,Gz?
1.088,\(\߿,Q?
1.092,Q޿,=
ףp=?
1.096,Qݿ,Q?
1.1,Qݿ,(\?
1.104,Gz޿,
ףp=
?
1.108,Q޿,
1.112,,p=
ף?
1.116,Q޿,q=
ףp?
1.12,Gz߿,zG?
1.124,Gz߿,\(\?
1.128,
ףp=
߿,RQ?
1.132,Q޿,(\?
1.136,
ףp=
߿,(\?
1.14,Gz߿,(\?
1.144,\(\߿,Q?
1.148,\(\߿,Gz?
1.152,Q޿,)\(?
1.156,Qݿ,?
1.16,ܿ,(\?
1.164,q=
ףpݿ,HzG?
1.168,333333ۿ,HzG?
1.172,=
ףp=ڿ,?
1.176,zGڿ,Q?
1.18,zGڿ,ffffff?
1.184,333333ۿ,(\?
1.188,=
ףp=ڿ,(\?
1.192,(\ؿ,=
ףp=?
1.196,(\ڿ,Q?
1.2,(\ڿ,Q?
1.204,(\ؿ,q=
ףp?
1.208,
ףp=
׿,q=
ףp?
1.212,
ףp=
׿,)\(?
1.216,q=
ףpտ,zG?
1.22,)\(Կ,?
1.224,)\(Կ,RQ?
1.228,zGҿ,
1.232,ףp=
ӿ,ffffff?
1.236,Qѿ,RQ?
1.24,ѿ,
ףp=
?
1.244,(\п,Q?
1.248,p=
ףп,Gz?
1.252,RQп,Q?
1.256,q=
ףpͿ,(\?
1.26,\(\Ͽ,Q?
1.264,(\п,zG?
1.268,Q˿,Gz?
1.272,q=
ףpͿ,HzG?
1.276,)\(̿,333333?
1.28,Gzο,?
1.284,Gzο,Q?
1.288,RQп,{Gz?
1.292,RQп,Q?
1.296,=
ףp=ҿ,Q
1.3,HzGѿ,Q
1.304,Qѿ,{Gz
1.308,(\п,Q롿
1.312,Gzο,
1.316,Qο,Q
1.32,p=
ףп,)\(
1.324,(\п,{Gz
1.328,Qѿ,Q롿
1.332,Qѿ,
ףp=

1.336,zGҿ,{Gz
1.34,333333ӿ,Q롿
1.344,)\(Կ,{Gz
1.348,Qѿ,{Gz
1.352,(\ҿ,Q
1.356,zGҿ,{Gz
1.36,zGҿ,{Gz
1.364,ףp=
ӿ,Q
1.368,333333ӿ,Q롿
1.372,)\(Կ,
1.376,Qӿ,Q
1.38,333333ӿ,
1.384,zGҿ,
1.388,(\ҿ,
1.392,)\(Կ,Q
1.396,{GzԿ,
ףp=

1.4,Qӿ,{Gz
1.404,Qӿ,{Gz
1.408,=
ףp=ҿ,{Gz
1.412,333333ӿ,
ףp=

1.416,ѿ,Q
1.42,\(\Ͽ,)\(
1.424,ѿ,Q
1.428,(\п,333333
1.432,HzGѿ,
ףp=

1.436,(\п,Q뱿
1.44,Qѿ,333333
1.444,=
ףp=ҿ,Q뱿
1.448,HzGѿ,333333
1.452,RQп,
ףp=

1.456,̿,
ףp=

1.46,̿,zGế
1.464,=
ףp=ʿ,
1.468,ɿ,zGế
1.472,zGʿ,)\(
1.476,RQȿ,
1.48,ɿ,{Gz
1.484,
ףp=
ǿ,
ףp=

1.488,333333ÿ,Q
1.492,HzG,
ףp=

1.496,,Q
1.5,
ףp=
,{Gz
1.504,(\µ,Q
1.508,Q,Q
1.512,333333,{Gz
1.516,RQ,{Gz
1.52,,Q
1.524,)\(,{Gz
1.528,)\(,{Gz
1.532,p=
ף,Q뱿
1.536,{GzĿ,
1.54,{GzĿ,
1.544,(\ȿ,p=
ף
1.548,RQȿ,Q
1.552,RQȿ,p=
ף
1.556,
ףp=
ǿ,Q
1.56,
ףp=
ǿ,(\ſ
1.564,Gzǿ,RQȿ
1.568,(\ȿ,ffffffƿ
1.572,Q˿,
ףp=
ǿ
1.576,Qο,Gzǿ
1.58,ѿ,Gzǿ
1.584,ףp=
ӿ,{GzĿ
1.588,{GzԿ,{GzĿ
1.592,Qӿ,Qſ
1.596,zGҿ,333333ÿ
1.6,333333ӿ,{GzĿ
1.604,(\ҿ,(\¿
1.608,(\п,{GzĿ
1.612,Qѿ,Qſ
1.616,(\ҿ,Qſ
1.62,Qӿ,ffffffƿ
1.624,{GzԿ,ffffffƿ
1.628,Qӿ,{GzĿ
1.632,zGҿ,(\ſ
1.636,zGҿ,ףp=
ÿ
1.64,333333ӿ,ffffffƿ
1.644,=
ףp=ҿ,ffffffƿ
1.648,=
ףp=ҿ,(\ſ
1.652,Qѿ,
ףp=
ǿ
1.656,Qѿ,RQȿ
1.66,ѿ,Qſ
1.664,ѿ,333333ÿ
1.668,,ffffffƿ
1.672,=
ףp=ʿ,RQȿ
1.676,Q,ffffffƿ
1.68,zGế,RQȿ
1.684,)\(,ɿ
1.688,{Gz?,ffffffƿ
1.692,)\(?,
ףp=
ǿ
1.696,(\?,)\(̿
1.7,333333?,Q˿
1.704,Gz?,
ףp=
ǿ
1.708,(\?,
ףp=
ǿ
1.712,,(\п
1.716,RQ?,RQ
1.72,Q?,RQ
1.724,,)\(
1.728,HzG?,Q
1.732,Gz?,Gz
1.736,333333?,{Gz
1.74,ffffff?,ffffff
1.744,
ףp=
?,Gz
1.748,zG?,Gz
1.752,(\?,Q
1.756,Q?,
1.76,zG?,RQ
1.764,(\?,zG
1.768,ףp=
?,
1.772,?,Q
1.776,)\(?,Q
1.78,Gz?,
1.784,(\?,q=
ףp
1.788,333333?,(\
1.792,{Gz,
1.796,ffffffƿ,(\
1.8,p=
ףп,Q
1.804,Gzο,
ףp=

1.808,Qο,\(\߿
1.812,,ٿ
1.816,ѿ,333333ӿ
1.82,)\(Կ,
ףp=
ǿ
1.824,RQؿ,p=
ף
1.828,,Q?
1.832,,RQ?
1.836,ffffffֿ,q=
ףp?
1.84,Gz׿,q=
ףp?
1.844,
ףp=
׿,)\(?
1.848,Gzֿ,p=
ף?
1.852,ffffffֿ,333333?
1.856,(\տ,HzG?
1.86,Կ,333333?
1.864,q=
ףpտ,ףp=
?
1.868,Qտ,(\?
1.872,q=
ףpտ,{Gz?
1.876,Qտ,(\?
1.88,\(\׿,ffffff?
1.884,,(\?
1.888,Gz׿,zG?
1.892,Gzֿ,Gz?
1.896,
ףp=
׿,Q?
1.9,(\տ,=
ףp=?
1.904,q=
ףpտ,q=
ףp?
1.908,\(\׿,Q?
1.912,\(\׿,\(\?
1.916,(\ؿ,RQ?
1.92,(\ؿ,?
1.924,,333333?
1.928,,{Gz?
1.932,Gz׿,333333?
1.936,Qٿ,)\(?
1.94,333333ۿ,?
1.944,{Gzܿ,\(\?
1.948,)\(ܿ,\(\?
1.952,ףp=
ۿ,(\?
1.956,ܿ,ףp=
?
1.96,Qݿ,?
1.964,{Gzܿ,Q?
1.968,{Gzܿ,
ףp=
?
1.972,ףp=
ۿ,)\(?
1.976,ףp=
ۿ,p=
ף?
1.98,333333ۿ,q=
ףp?
1.984,Qݿ,(\?
1.988,ffffff޿,Q?
1.992,\(\߿,Q?
1.996,Qݿ,p=
ף?
2,Q޿,(\?
2.004,Q޿,HzG?
2.008,Qݿ,Q?
2.012,ffffff޿,(\?
2.016,ffffff޿,
ףp=
?
2.02,ffffff޿,ףp=
?
2.024,Gz߿,)\(?
2.028,(\ݿ,?
2.032,(\ݿ,?
2.036,{Gzܿ,?
2.04,{Gzܿ,Q?
2.044,ףp=
ۿ,q=
ףp?
2.048,{Gzܿ,(\?
2.052,Gz޿,q=
ףp?
2.056,333333ۿ,Q?
2.06,)\(ܿ,?
2.064,zGڿ,Q?
2.068,(\ؿ,p=
ף?
2.072,p=
ףؿ,Gz?
2.076,Qֿ,Q?
2.08,(\տ,Gz?
2.084,q=
ףpտ,RQ?
2.088,)\(Կ,Gz?
2.092,ףp=
ӿ,=
ףp=?
2.096,{GzԿ,HzG?
2.1,ףp=
ӿ,\(\?
2.104,(\ҿ,q=
ףp?
2.108,p=
ףп,HzG?
2.112,RQп,?
2.116,̿,zG?
2.12,Qο,Q?
2.124,Qο,Gz?
2.128,\(\Ͽ,=
ףp=?
2.132,q=
ףpͿ,(\?
2.136,Gzο,)\(?
2.14,Qο,p=
ף?
2.144,Gzο,p=
ף?
2.148,q=
ףpͿ,p=
ף?
2.152,Qο,{Gz?
2.156,Q˿,Q
2.16,̿,
2.164,p=
ףп,{Gz
2.168,RQп,Q
2.172,(\п,{Gzt
2.176,RQп,
2.18,,{Gz
2.184,\(\Ͽ,{Gz
2.188,\(\Ͽ,{Gz
2.192,)\(̿,
2.196,\(\Ͽ,Q
2.2,p=
ףп,{Gz
2.204,Qѿ,{Gz
2.208,333333ӿ,
2.212,zGҿ,
2.216,(\ҿ,{Gzt?
2.22,zGҿ,
2.224,(\ҿ,
2.228,ѿ,{Gzt?
2.232,HzGѿ,
2.236,(\ҿ,Q?
2.24,zGҿ,{Gz?
2.244,(\ҿ,?
2.248,zGҿ,Q?
2.252,Qӿ,?
2.256,=
ףp=ҿ,{Gz?
2.26,(\п,{Gz?
2.264,p=
ףп,{Gz?
2.268,Qѿ,
2.272,HzGѿ,
2.276,(\ҿ,{Gz?
2.28,Qѿ,
2.284,=
ףp=ҿ,{Gzt
2.288,Qѿ,{Gzt?
2.292,(\ҿ,
2.296,(\ҿ,{Gzt
2.3,ѿ,
2.304,p=
ףп,{Gz
2.308,HzGѿ,Q
2.312,HzGѿ,
2.316,Qѿ,
ףp=

2.32,Qѿ,{Gz
2.324,HzGѿ,
ףp=

2.328,\(\Ͽ,
ףp=

2.332,Q˿,
2.336,(\ȿ,Q뱿
2.34,Gzǿ,p=
ף
2.344,ffffffƿ,
2.348,Q,)\(
2.352,Q,{Gz
2.356,,{Gz
2.36,,{Gzt
2.364,
ףp=
,{Gz?
2.368,)\(,{Gz?
2.372,Q,?
2.376,{Gz,{Gz?
2.38,Q,Q?
2.384,333333,?
2.388,q=
ףp,Q?
2.392,(\¿,{Gz?
2.396,Qſ,
2.4,ףp=
ÿ,
2.404,Q,333333
2.408,(\¿,{Gz
2.412,Qſ,)\(
2.416,
ףp=
ǿ,
2.42,Qſ,
2.424,Q˿,q=
ףp
2.428,)\(̿,p=
ף
2.432,p=
ףп,q=
ףp
2.436,ѿ,zGế
2.44,333333ӿ,zGế
2.444,zGҿ,Q
2.448,)\(Կ,)\(
2.452,{GzԿ,q=
ףp
2.456,ףp=
ӿ,)\(
2.46,{GzԿ,RQ
2.464,{GzԿ,
2.468,(\տ,)\(
2.472,Qտ,
2.476,Կ,Q
2.48,{GzԿ,zGế
2.484,{GzԿ,p=
ף
2.488,333333ӿ,
2.492,Կ,q=
ףp
2.496,Qֿ,q=
ףp
2.5,Gzֿ,)\(
2.504,(\տ,
ףp=

2.508,{GzԿ,Q
2.512,)\(Կ,Q
2.516,333333ӿ,q=
ףp
2.52,333333ӿ,
2.524,333333ӿ,
2.528,333333ӿ,Q
2.532,=
ףp=ҿ,q=
ףp
2.536,ѿ,Q
2.54,Q˿,q=
ףp
2.544,333333ÿ,q=
ףp
2.548,Q롿,q=
ףp
2.552,(\?,Q
2.556,ffffff?,Q
2.56,zG?,HzG
2.564,ffffff?,Qſ
2.568,Gz?,Q
2.572,Gz?,
2.576,)\(?,(\ȿ
2.58,)\(?,Q
2.584,Q?,RQ
2.588,ffffff?,(\
2.592,HzG?,Q
2.596,)\(?,(\
2.6,Q?,RQ
2.604,\(\?,Gz
2.608,Q?,{Gz
2.612,=
ףp=?,{Gz
2.616,p=
ף?,RQ
2.62,ffffff?,(\
2.624,Gz?,
2.628,Q?,ףp=

2.632,p=
ף?,Q
2.636,zG?,(\
2.64,?,{Gz
2.644,ffffff?,
2.648,q=
ףp?,
ףp=

2.652,Q?,Gz
2.656,Q?,Q
2.66,{Gz,333333
2.664,{GzĿ,p=
ף
2.668,Gzǿ,zG
2.672,zGʿ,ffffff޿
2.676,=
ףp=ʿ,
2.68,=
ףp=ҿ,ѿ
2.684,(\տ,Q
2.688,Qٿ,Q
2.692,p=
ףؿ,
ףp=
?
2.696,=
ףp=ڿ,RQ?
2.7,zGڿ,(\?
2.704,=
ףp=ڿ,
ףp=
?
2.708,RQؿ,(\?
2.712,(\ؿ,
ףp=
?
2.716,,?
2.72,ffffffֿ,?
2.724,\(\׿,Gz?
2.728,RQؿ,Q?
2.732,\(\׿,RQ?
2.736,p=
ףؿ,Q?
2.74,\(\׿,q=
ףp?
2.744,ffffffֿ,p=
ף?
2.748,Gz׿,
2.752,Gz׿,HzG?
2.756,(\ؿ,=
ףp=?
2.76,RQؿ,RQ?
2.764,(\ؿ,(\?
2.768,(\ؿ,zG?
2.772,RQؿ,?
2.776,HzGٿ,(\?
2.78,,ףp=
?
2.784,Qֿ,Q?
2.788,p=
ףؿ,(\?
2.792,(\ڿ,
ףp=
?
2.796,ףp=
ۿ,(\?
2.8,Qݿ,?
2.804,333333ۿ,Q?
2.808,{Gzܿ,Q?
2.812,ٿ,)\(?
2.816,Qۿ,(\?
2.82,)\(ܿ,ffffff?
2.824,ܿ,{Gz?
2.828,Gz޿,HzG?
2.832,Gz߿,Q?
2.836,)\(,(\?
2.84,p=
ף,333333?
2.844,Gz߿,Q?
2.848,\(\߿,ףp=
?
2.852,Gz޿,(\?
2.856,Q޿,Q?
2.86,
ףp=
߿,(\?
2.864,)\(,
ףp=
?
2.868,{Gz,p=
ף?
2.872,RQ,{Gz?
2.876,{Gz,q=
ףp?
2.88,{Gz,q=
ףp?
2.884,,Gz?
2.888,\(\߿,Q?
2.892,
ףp=
߿,333333?
2.896,\(\߿,ףp=
?
2.9,,Gz?
2.904,\(\߿,)\(?
2.908,Q޿,Gz?
2.912,q=
ףpݿ,p=
ף?
2.916,ffffff޿,
2.92,{Gzܿ,ףp=
?
2.924,ףp=
ۿ,Q?
2.928,(\ڿ,Gz?
2.932,333333ۿ,(\?
2.936,Qٿ,Q?
2.94,,Q?
2.944,ffffffֿ,{Gz?
2.948,Կ,Q?
2.952,333333ӿ,=
ףp=?
2.956,Qӿ,{Gz?
2.96,=
ףp=ҿ,ffffff?
2.964,(\ҿ,?
2.968,p=
ףп,(\?
2.972,ѿ,ףp=
?
2.976,RQп,RQ?
2.98,(\п,q=
ףp?
2.984,RQп,=
ףp=?
2.988,Qο,p=
ף?
2.992,)\(̿,zG?
2.996,zGʿ,333333?
3,)\(̿,Q?
3.004,̿,333333?
3.008,̿,
ףp=
?
3.012,Q˿,)\(?
3.016,q=
ףpͿ,
ףp=
?
3.02,Qο,?
3.024,HzGѿ,
3.028,=
ףp=ҿ,
3.032,p=
ףп,Q
3.036,p=
ףп,
3.04,=
ףp=ҿ,{Gz
3.044,zGҿ,
3.048,=
ףp=ҿ,{Gz
3.052,HzGѿ,Q
3.056,ѿ,{Gz
3.06,(\п,
3.064,Qο,{Gz
3.068,(\п,Q
3.072,=
ףp=ҿ,
3.076,(\ҿ,{Gz
3.08,Qտ,{Gz
3.084,Կ,{Gzt
3.088,Qտ,{Gzt?
3.092,{GzԿ,
3.096,)\(Կ,Q?
3.1,Qӿ,
3.104,{GzԿ,{Gzt
3.108,)\(Կ,{Gz?
3.112,)\(Կ,Q
3.116,{GzԿ,{Gzt?
3.12,Qӿ,{Gz?
3.124,ףp=
ӿ,
3.128,zGҿ,Q?
3.132,333333ӿ,
3.136,333333ӿ,{Gzt
3.14,Կ,Q
3.144,{GzԿ,{Gzt?
3.148,Qӿ,Q
3.152,Qտ,Q
3.156,Կ,Q
3.16,{GzԿ,{Gzt
3.164,{GzԿ,
3.168,333333ӿ,
3.172,=
ףp=ҿ,{Gz
3.176,=
ףp=ҿ,Q
3.18,=
ףp=ҿ,Q롿
3.184,Qѿ,Q
3.188,RQп,Q롿
3.192,̿,Q롿
3.196,RQȿ,Q
3.2,Gzǿ,
3.204,
ףp=
ǿ,Q
3.208,{GzĿ,{Gz
3.212,333333ÿ,Q
3.216,zGế,
3.22,)\(,{Gzt?
3.224,333333,{Gz?
3.228,)\(,{Gz?
3.232,HzG,
ףp=
?
3.236,zGế,?
3.24,(\µ,Q?
3.244,333333,?
3.248,,Q?
3.252,,Q?
3.256,333333ÿ,Q?
3.26,
ףp=
ǿ,Q?
3.264,Qſ,Q
3.268,
ףp=
ǿ,Q
3.272,RQȿ,{Gz
3.276,ffffffƿ,Q뱿
3.28,Gzǿ,RQ
3.284,RQȿ,RQ
3.288,RQȿ,
ףp=

3.292,=
ףp=ʿ,
3.296,Qο,)\(
3.3,Qѿ,zGế
3.304,Կ,q=
ףp
3.308,Qֿ,zGế
3.312,Qֿ,
3.316,Gz׿,
3.32,Qֿ,(\µ
3.324,,
3.328,Qֿ,
3.332,
ףp=
׿,zGế
3.336,
ףp=
׿,
3.34,Gz׿,RQ
3.344,Gz׿,)\(
3.348,,
ףp=

3.352,,
3.356,q=
ףpտ,
3.36,\(\׿,
3.364,,q=
ףp
3.368,Gz׿,p=
ף
3.372,RQؿ,q=
ףp
3.376,RQؿ,
3.38,
ףp=
׿,RQ
3.384,\(\׿,zGế
3.388,Qտ,(\µ
3.392,{GzԿ,Q
3.396,{GzԿ,
3.4,ףp=
ӿ,(\¿
3.404,HzGѿ,q=
ףp
3.408,Gzǿ,)\(
3.412,
ףp=
,Q
3.416,p=
ף?,
3.42,,q=
ףp
3.424,\(\?,333333ÿ
3.428,Q?,p=
ף
3.432,HzG?,RQ
3.436,,q=
ףp
3.44,,ѿ
3.444,=
ףp=?,(\
3.448,RQ?,Q
3.452,?,\(\
3.456,ffffff?,=
ףp=
3.46,HzG?,Q
3.464,HzG?,(\
3.468,(\?,)\(
3.472,ffffff?,q=
ףp
3.476,(\?,{Gz
3.48,ףp=
?,
ףp=

3.484,ffffff?,Q
3.488,Q?,(\
3.492,=
ףp=?,HzG
3.496,RQ?,)\(
3.5,=
ףp=?,
ףp=

3.504,Q?,zG
3.508,zG?,
ףp=

3.512,Q?,Q
3.516,p=
ף?,ffffff
3.52,333333,
3.524,Qο,Gz
3.528,Qӿ,(\
3.532,)\(Կ,Gz߿
3.536,333333ӿ,(\ؿ
3.54,)\(Կ,Qѿ
3.544,Qֿ,RQȿ
3.548,ٿ,Q
3.552,(\ڿ,
ףp=
?
3.556,ףp=
ۿ,HzG?
3.56,Qۿ,RQ?
3.564,)\(ܿ,Q?
3.568,Qۿ,Q?
3.572,{Gzܿ,=
ףp=?
3.576,{Gzܿ,)\(?
3.58,ףp=
ۿ,q=
ףp?
3.584,zGڿ,\(\?
3.588,ףp=
ۿ,RQ?
3.592,Qۿ,p=
ף?
3.596,Qۿ,HzG?
3.6,Qۿ,?
3.604,(\ڿ,?
3.608,ٿ,333333?
3.612,RQؿ,333333?
3.616,HzGٿ,)\(?
3.62,ףp=
ۿ,)\(?
3.624,)\(ܿ,Q?
3.628,{Gzܿ,)\(?
3.632,Gz޿,?
3.636,(\ݿ,Gz?
3.64,ffffff޿,Gz?
3.644,ffffff޿,HzG?
3.648,ffffff޿,RQ?
3.652,q=
ףpݿ,p=
ף?
3.656,Qݿ,zG?
3.66,ffffff޿,?
3.664,,(\?
3.668,{Gz,ףp=
?
3.672,,ffffff?
3.676,(\,(\?
3.68,)\(,
ףp=
?
3.684,)\(,)\(?
3.688,,Q?
3.692,,(\?
3.696,(\,ffffff?
3.7,,(\?
3.704,(\,
3.708,HzG,Q?
3.712,Q,(\?
3.716,=
ףp=,ffffff?
3.72,(\,Q?
3.724,Gz,Q?
3.728,Gz,{Gz?
3.732,Q,(\?
3.736,(\,Q?
3.74,Gz,?
3.744,q=
ףp,Gz?
3.748,(\,=
ףp=?
3.752,ffffff,(\?
3.756,(\,Q?
3.76,(\,(\?
3.764,HzG,
ףp=
?
3.768,,Q?
3.772,Gz߿,Q?
3.776,,ףp=
?
3.78,)\(,Q?
3.784,RQ,333333?
3.788,ffffff޿,333333?
3.792,ܿ,=
ףp=?
3.796,)\(ܿ,?
3.8,)\(ܿ,p=
ף?
3.804,{Gzܿ,
3.808,ףp=
ۿ,=
ףp=?
3.812,p=
ףؿ,(\?
3.816,,Q?
3.82,Gz׿,Q?
3.824,
ףp=
׿,Q?
3.828,Qֿ,ffffff?
3.832,Qֿ,zG?
3.836,q=
ףpտ,Q?
3.84,ffffffֿ,?
3.844,\(\׿,=
ףp=?
3.848,Qֿ,Q?
3.852,{GzԿ,(\?
3.856,q=
ףpտ,
ףp=
?
3.86,)\(Կ,p=
ף?
3.864,{GzԿ,?
3.868,333333ӿ,Q?
3.872,(\ҿ,?
3.876,Qտ,{Gz?
3.88,{GzԿ,?
3.884,q=
ףpտ,{Gz?
3.888,
ףp=
׿,{Gz?
3.892,
ףp=
׿,{Gz?
3.896,)\(Կ,
3.9,q=
ףpտ,{Gz
3.904,q=
ףpտ,Q롿
3.908,Gz׿,Q
3.912,RQؿ,
3.916,
ףp=
׿,{Gz
3.92,Qֿ,{Gz
3.924,\(\׿,
3.928,Gzֿ,{Gzt?
3.932,,{Gzt
3.936,,Q
3.94,Gz׿,
3.944,RQؿ,{Gz
3.948,(\ڿ,{Gz
3.952,ףp=
ۿ,{Gz?
3.956,Qۿ,{Gzt
3.96,(\ڿ,Q?
3.964,Qٿ,
3.968,HzGٿ,
3.972,RQؿ,
3.976,Qֿ,{Gz?
3.98,\(\׿,{Gz?
3.984,Qֿ,
3.988,Gz׿,{Gzt?
3.992,zGڿ,
3.996,ٿ,
4,ٿ,Q?
4.004,(\ؿ,
4.008,p=
ףؿ,{Gz
4.012,\(\׿,
4.016,Qֿ,{Gz
4.02,\(\׿,Q
4.024,Կ,{Gz
4.028,Qտ,Q
4.032,Qֿ,{Gz
4.036,Qֿ,Q
4.04,)\(Կ,
4.044,333333ӿ,{Gz
4.048,p=
ףп,Q
4.052,Qο,)\(
4.056,)\(̿,)\(
4.06,Q˿,
ףp=

4.064,=
ףp=ʿ,{Gz
4.068,ɿ,{Gzt?
4.072,=
ףp=ʿ,{Gzt?
4.076,(\ȿ,{Gz?
4.08,333333ÿ,Q?
4.084,p=
ף,?
4.088,q=
ףp,{Gz?
4.092,p=
ף,
ףp=
?
4.096,(\¿,Q?
4.1,ףp=
ÿ,?
4.104,{GzĿ,{Gz?
4.108,ffffffƿ,{Gz?
4.112,RQȿ,{Gz
4.116,=
ףp=ʿ,Q
4.12,zGʿ,p=
ף
4.124,q=
ףpͿ,333333
4.128,Qο,Q뱿
4.132,,RQ
4.136,Qο,
ףp=

4.14,,)\(
4.144,HzGѿ,RQ
4.148,Qѿ,(\µ
4.152,{GzԿ,(\µ
4.156,ffffffֿ,Q
4.16,Gz׿,
4.164,\(\׿,zGế
4.168,Gz׿,RQ
4.172,ffffffֿ,RQ
4.176,Gzֿ,{Gz
4.18,
ףp=
׿,
4.184,Qٿ,{Gz
4.188,HzGٿ,{Gz
4.192,ٿ,(\µ
4.196,RQؿ,
ףp=

4.2,HzGٿ,
4.204,\(\׿,
ףp=

4.208,Gz׿,(\µ
4.212,Qֿ,(\µ
4.216,
ףp=
׿,p=
ף
4.22,p=
ףؿ,Q
4.224,(\տ,Q
4.228,Gzֿ,{Gz
4.232,q=
ףpտ,{Gz
4.236,Qտ,Q뱿
4.24,Qӿ,RQ
4.244,333333ӿ,
4.248,Qѿ,)\(
4.252,(\п,Q
4.256,(\ȿ,333333
4.26,(\µ,p=
ף
4.264,p=
ף?,
4.268,=
ףp=?,
4.272,Gz?,)\(
4.276,Q?,333333ÿ
4.28,RQ?,p=
ף
4.284,Gz?,{Gz
4.288,Q?,Q
4.292,333333?,
ףp=
׿
4.296,RQ?,=
ףp=
4.3,?,\(\
4.304,(\?,ffffff
4.308,(\?,Q
4.312,Gz?,zG
4.316,
ףp=
?,
4.32,Q?,Q
4.324,\(\?,
4.328,?,ffffff
4.332,?,
4.336,(\?,zG
4.34,(\?,(\
4.344,?,RQ
4.348,=
ףp=?,(\
4.352,HzG?,)\(
4.356,{Gz?,{Gz
4.36,zG?,(\
4.364,Q?,RQ
4.368,Q?,
4.372,(\¿,
4.376,)\(̿,(\
4.38,Gzο,(\
4.384,,ףp=
ۿ
4.388,=
ףp=ҿ,Կ
4.392,
ףp=
׿,Q˿
4.396,(\ؿ,
4.4,p=
ףؿ,?
4.404,(\ؿ,)\(?
4.408,ٿ,(\?
4.412,HzGٿ,?
4.416,RQؿ,)\(?
4.42,RQؿ,?
4.424,RQؿ,)\(?
4.428,,)\(?
4.432,p=
ףؿ,
4.436,HzGٿ,Q?
4.44,HzGٿ,
4.444,Gz׿,HzG?
4.448,RQؿ,?
4.452,Qֿ,
4.456,\(\׿,Q?
4.46,ٿ,=
ףp=?
4.464,HzGٿ,Q?
4.468,Qٿ,Q?
4.472,,zG?
4.476,Gz׿,)\(?
4.48,p=
ףؿ,ףp=
?
4.484,ٿ,(\?
4.488,)\(ܿ,Gz?
4.492,ܿ,Gz?
4.496,ףp=
ۿ,
4.5,(\ݿ,
4.504,ܿ,?
4.508,q=
ףpݿ,(\?
4.512,{Gzܿ,?
4.516,{Gzܿ,Q?
4.52,)\(ܿ,(\?
4.524,)\(ܿ,Q?
4.528,q=
ףpݿ,\(\?
4.532,Gz޿,Q?
4.536,Gz߿,HzG?
4.54,,(\?
4.544,,zG?
4.548,Q,333333?
4.552,p=
ף,)\(?
4.556,(\,?
4.56,RQ,(\?
4.564,Q,Q?
4.568,Q,=
ףp=?
4.572,{Gz,\(\?
4.576,{Gz,ףp=
?
4.58,,Q?
4.584,Q,?
4.588,{Gz,Gz?
4.592,,zG?
4.596,(\,zG?
4.6,(\,333333?
4.604,p=
ף,
ףp=
?
4.608,,\(\?
4.612,{Gz,ףp=
?
4.616,Q޿,
4.62,Gz߿,RQ?
4.624,)\(,p=
ף?
4.628,Gz޿,{Gz?
4.632,(\ݿ,Gz?
4.636,ףp=
ۿ,\(\?
4.64,Qۿ,Q?
4.644,(\ڿ,(\?
4.648,ٿ,zG?
4.652,333333ۿ,Q?
4.656,HzGٿ,RQ?
4.66,(\ؿ,333333?
4.664,Gzֿ,(\?
4.668,ףp=
ӿ,p=
ף?
4.672,333333ӿ,Q?
4.676,Qӿ,Q?
4.68,zGҿ,Gz?
4.684,Qѿ,?
4.688,(\ҿ,RQ?
4.692,ѿ,(\?
4.696,p=
ףп,333333?
4.7,Qο,
4.704,RQп,Gz?
4.708,RQп,Q?
4.712,\(\Ͽ,Q?
4.716,HzGѿ,q=
ףp?
4.72,HzGѿ,
ףp=
?
4.724,HzGѿ,zG?
4.728,(\п,?
4.732,Qο,?
4.736,(\п,{Gz?
4.74,Qѿ,?
4.744,Qӿ,
4.748,=
ףp=ҿ,
4.752,zGҿ,{Gzt
4.756,(\ҿ,Q
4.76,333333ӿ,Q
4.764,Qӿ,{Gz?
4.768,zGҿ,{Gzt?
4.772,333333ӿ,{Gzt?
4.776,Qӿ,{Gzt?
4.78,Qӿ,{Gz?
4.784,Կ,
4.788,333333ӿ,{Gzt?
4.792,{GzԿ,{Gz?
4.796,q=
ףpտ,{Gz?
4.8,Gzֿ,Q?
4.804,(\տ,Q?
4.808,Qտ,?
4.812,Կ,?
4.816,ףp=
ӿ,{Gzt?
4.82,Gzֿ,{Gz?
4.824,Qֿ,Q?
4.828,Qֿ,Q?
4.832,Gzֿ,{Gz?
4.836,ffffffֿ,{Gz?
4.84,q=
ףpտ,{Gz?
4.844,(\տ,{Gz?
4.848,{GzԿ,{Gz?
4.852,Կ,{Gz?
4.856,Gzֿ,{Gz
4.86,ffffffֿ,{Gzt?
4.864,Կ,{Gzt?
4.868,(\տ,{Gzt?
4.872,ffffffֿ,{Gzt?
4.876,(\տ,
4.88,{GzԿ,{Gzt?
4.884,Qӿ,{Gzt
4.888,=
ףp=ҿ,{Gzt?
4.892,(\ҿ,
4.896,=
ףp=ҿ,{Gz
4.9,HzGѿ,Q
4.904,p=
ףп,{Gzt
4.908,̿,{Gz
4.912,=
ףp=ʿ,Q
4.916,(\ȿ,Q롿
4.92,(\ſ,{Gz
4.924,333333ÿ,
4.928,p=
ף,
4.932,,Q?
4.936,RQ,Q?
4.94,zGế,)\(?
4.944,Q,{Gz?
4.948,Q,333333?
4.952,,{Gz?
4.956,,Q?
4.96,Q,Q?
4.964,333333ÿ,
ףp=
?
4.968,Qſ,Q?
4.972,(\ȿ,{Gzt?
4.976,
ףp=
ǿ,{Gz
4.98,ɿ,{Gz
4.984,Q˿,
4.988,=
ףp=ʿ,Q롿
4.992,(\ȿ,
4.996,ɿ,Q
5,Q˿,
ףp=

5.004,p=
ףп,
5.008,=
ףp=ҿ,{Gz
5.012,Qտ,{Gz
5.016,(\տ,p=
ף
5.02,ffffffֿ,333333
5.024,
ףp=
׿,
5.028,ffffffֿ,Q뱿
5.032,Qֿ,Q
5.036,\(\׿,333333
5.04,
ףp=
׿,
ףp=

5.044,(\տ,333333
5.048,
ףp=
׿,p=
ף
5.052,ffffffֿ,333333
5.056,q=
ףpտ,{Gz
5.06,Gzֿ,p=
ף
5.064,Qֿ,p=
ף
5.068,q=
ףpտ,(\µ
5.072,Qտ,RQ
5.076,Gzֿ,)\(
5.08,\(\׿,RQ
5.084,RQؿ,
5.088,\(\׿,p=
ף
5.092,
ףp=
׿,333333
5.096,(\տ,p=
ף
5.1,{GzԿ,{Gz
5.104,ףp=
ӿ,
5.108,zGҿ,
5.112,(\п,(\µ
5.116,)\(̿,{Gz
5.12,Q,(\µ
5.124,{Gz?,(\µ
5.128,q=
ףp?,{Gz
5.132,Q?,
ףp=

5.136,(\?,q=
ףp
5.14,(\?,)\(
5.144,RQ?,{Gz
5.148,333333?,{Gz
5.152,\(\?,ףp=
ӿ
5.156,(\?,(\
5.16,Gz?,Q
5.164,?,{Gz
5.168,
ףp=
?,p=
ף
5.172,(\?,Q
5.176,,(\
5.18,)\(?,=
ףp=
5.184,(\?,\(\
5.188,?,{Gz
5.192,Gz?,Q
5.196,\(\?,zG
5.2,Gz?,
5.204,Q?,=
ףp=
5.208,Gz?,=
ףp=
5.212,Q?,HzG
5.216,(\?,\(\
5.22,RQ?,333333
5.224,(\?,HzG
5.228,?,{Gz
5.232,333333?,333333
5.236,Q,ffffff
5.24,RQȿ,)\(
5.244,Q˿,Qݿ
5.248,zGʿ,
5.252,,ѿ
5.256,Qѿ,Qſ
5.26,Կ,
5.264,Qֿ,RQ?
5.268,ffffffֿ,?
5.272,Qֿ,RQ?
5.276,\(\׿,(\?
5.28,Gzֿ,HzG?
5.284,Կ,?
5.288,Qտ,(\?
5.292,{GzԿ,333333?
5.296,ףp=
ӿ,zG?
5.3,Gzֿ,zG?
5.304,
ףp=
׿,{Gz?
5.308,\(\׿,)\(?
5.312,Qֿ,?
5.316,q=
ףpտ,Q?
5.32,ffffffֿ,ffffff?
5.324,Qտ,q=
ףp?
5.328,Qֿ,ffffff?
5.332,Qֿ,
5.336,ffffffֿ,
5.34,Gz׿,HzG?
5.344,(\ؿ,=
ףp=?
5.348,ٿ,=
ףp=?
5.352,ٿ,)\(?
5.356,p=
ףؿ,Q?
5.36,RQؿ,)\(?
5.364,HzGٿ,ףp=
?
5.368,HzGٿ,(\?
5.372,p=
ףؿ,ffffff?
5.376,ٿ,
5.38,zGڿ,p=
ף?
5.384,zGڿ,(\?
5.388,Qۿ,HzG?
5.392,Qۿ,Gz?
5.396,)\(ܿ,zG?
5.4,q=
ףpݿ,333333?
5.404,Qݿ,
5.408,Q޿,?
5.412,Gz߿,q=
ףp?
5.416,ffffff޿,zG?
5.42,ffffff޿,\(\?
5.424,ܿ,ףp=
?
5.428,ףp=
ۿ,
5.432,ܿ,HzG?
5.436,Gz޿,(\?
5.44,,=
ףp=?
5.444,)\(,\(\?
5.448,Gz߿,Gz?
5.452,)\(,{Gz?
5.456,,HzG?
5.46,Q޿,HzG?
5.464,Qݿ,Q?
5.468,q=
ףpݿ,?
5.472,(\ݿ,Q?
5.476,(\ݿ,Q?
5.48,Qݿ,(\?
5.484,zGڿ,Q?
5.488,zGڿ,(\?
5.492,333333ۿ,Q?
5.496,333333ۿ,Gz?
5.5,Qٿ,Q?
5.504,HzGٿ,q=
ףp?
5.508,,ףp=
?
5.512,Gzֿ,Q?
5.516,Gzֿ,(\?
5.52,333333ӿ,?
5.524,ѿ,ףp=
?
5.528,(\п,(\?
5.532,\(\Ͽ,?
5.536,ɿ,
ףp=
?
5.54,Q˿,q=
ףp?
5.544,(\ȿ,
5.548,Gzǿ,Q?
5.552,ɿ,=
ףp=?
5.556,Gzǿ,Gz?
5.56,zGʿ,{Gz?
5.564,zGʿ,HzG?
5.568,Gzǿ,q=
ףp?
5.572,
ףp=
ǿ,RQ?
5.576,
ףp=
ǿ,333333?
5.58,Gzǿ,Q?
5.584,(\ȿ,zG?
5.588,Gzǿ,Q?
5.592,ɿ,Q?
5.596,(\ȿ,)\(?
5.6,)\(̿,{Gz?
5.604,=
ףp=ʿ,{Gz?
5.608,)\(̿,Q?
5.612,̿,?
5.616,zGʿ,?
5.62,q=
ףpͿ,Q?
5.624,,Q?
5.628,RQп,{Gz?
5.632,,Q?
5.636,\(\Ͽ,Q?
5.64,\(\Ͽ,
ףp=
?
5.644,,?
5.648,p=
ףп,{Gz?
5.652,RQп,Q?
5.656,RQп,?
5.66,Qѿ,?
5.664,(\ҿ,Q?
5.668,Qѿ,Q?
5.672,(\ҿ,Q?
5.676,ףp=
ӿ,
ףp=
?
5.68,Qӿ,Q?
5.684,(\ҿ,
ףp=
?
5.688,Qѿ,?
5.692,p=
ףп,Q?
5.696,RQп,)\(?
5.7,(\п,Q?
5.704,ѿ,{Gz?
5.708,333333ӿ,Q?
5.712,(\ҿ,
ףp=
?
5.716,)\(Կ,Q?
5.72,zGҿ,{Gz?
5.724,(\ҿ,Q?
5.728,ףp=
ӿ,{Gzt?
5.732,(\ҿ,
5.736,zGҿ,
5.74,zGҿ,{Gzt
5.744,(\ҿ,{Gz
5.748,333333ӿ,Q
5.752,HzGѿ,Q
5.756,\(\Ͽ,{Gz
5.76,)\(̿,
5.764,Q˿,Q
5.768,Gzǿ,Q
5.772,RQȿ,Q
5.776,
ףp=
ǿ,
5.78,{GzĿ,
5.784,,{Gz
5.788,RQ,
5.792,)\(,{Gz
5.796,Q,
5.8,p=
ף,{Gzt
5.804,
ףp=
,Q?
5.808,{Gz,Q?
5.812,{Gz,)\(?
5.816,)\(,p=
ף?
5.82,Q뱿,)\(?
5.824,,333333?
5.828,zGế,{Gz?
5.832,)\(,Q?
5.836,,{Gzt?
5.84,Q,Q
5.844,(\ſ,
ףp=

5.848,
ףp=
ǿ,
ףp=

5.852,=
ףp=ʿ,)\(
5.856,(\ȿ,333333
5.86,)\(̿,Q뱿
5.864,Qο,{Gz
5.868,RQп,RQ
5.872,,)\(
5.876,Qѿ,zGế
5.88,Qӿ,
5.884,{GzԿ,
ףp=

5.888,{GzԿ,{Gz
5.892,q=
ףpտ,{Gz
5.896,
ףp=
׿,{Gz
5.9,RQؿ,
5.904,p=
ףؿ,RQ
5.908,
ףp=
׿,RQ
5.912,Gzֿ,zGế
5.916,,)\(
5.92,Qٿ,Q
5.924,(\ؿ,(\µ
5.928,p=
ףؿ,(\µ
5.932,HzGٿ,{Gz
5.936,p=
ףؿ,RQ
5.94,\(\׿,{Gz
5.944,Qտ,RQ
5.948,
ףp=
׿,(\µ
5.952,,RQ
5.956,Qֿ,(\µ
5.96,,{Gz
5.964,(\ؿ,
5.968,,(\µ
5.972,ffffffֿ,RQ
5.976,=
ףp=ҿ,
5.98,ɿ,
ףp=

5.984,)\(,zGế
5.988,?,Q
5.992,HzG?,q=
ףp
5.996,Q?,Q
6,p=
ף?,Q
6.004,q=
ףp?,)\(
6.008,RQ?,(\µ
6.012,zG?,p=
ף
6.016,{Gz?,Gz߿
6.02,=
ףp=?,
6.024,(\?,ףp=

6.028,ףp=
?,Gz
6.032,=
ףp=?,q=
ףp
6.036,?,zG
6.04,Gz?,p=
ף
6.044,\(\?,(\
6.048,333333?,333333
6.052,(\?,
ףp=

6.056,Q?,Q
6.06,?,\(\
6.064,(\?,(\
6.068,RQ?,Gz
6.072,RQ?,(\
6.076,
ףp=
?,q=
ףp
6.08,?,HzG
6.084,HzG?,Q
6.088,?,
6.092,{Gz?,\(\
6.096,ffffffƿ,)\(
6.1,=
ףp=ҿ,Q
6.104,)\(Կ,(\
6.108,Qӿ,(\ڿ
6.112,333333ӿ,{GzԿ
6.116,Gzֿ,zGʿ
6.12,(\ؿ,{Gz
6.124,zGڿ,
ףp=
?
6.128,333333ۿ,HzG?
6.132,ܿ,(\?
6.136,ףp=
ۿ,?
6.14,ףp=
ۿ,?
6.144,{Gzܿ,Gz?
6.148,ףp=
ۿ,RQ?
6.152,(\ڿ,
6.156,ٿ,HzG?
6.16,=
ףp=ڿ,=
ףp=?
6.164,,(\?
6.168,HzGٿ,=
ףp=?
6.172,(\ڿ,(\?
6.176,ףp=
ۿ,Q?
6.18,)\(ܿ,ףp=
?
6.184,{Gzܿ,?
6.188,Qٿ,Q?
6.192,=
ףp=ڿ,(\?
6.196,Qۿ,
ףp=
?
6.2,ףp=
ۿ,Gz?
6.204,Qٿ,
ףp=
?
6.208,Qٿ,\(\?
6.212,)\(ܿ,RQ?
6.216,ףp=
ۿ,?
6.22,ףp=
ۿ,333333?
6.224,{Gzܿ,Q?
6.228,zGڿ,Q?
6.232,333333ۿ,ffffff?
6.236,ףp=
ۿ,q=
ףp?
6.24,q=
ףpݿ,\(\?
6.244,Q޿,
ףp=
?
6.248,
ףp=
߿,)\(?
6.252,
ףp=
߿,p=
ף?
6.256,Q޿,Gz?
6.26,
ףp=
߿,Q?
6.264,Gz޿,Q?
6.268,q=
ףpݿ,ףp=
?
6.272,Q޿,p=
ף?
6.276,,HzG?
6.28,Gz߿,?
6.284,RQ,Q?
6.288,p=
ף,333333?
6.292,Q,?
6.296,,HzG?
6.3,q=
ףp,q=
ףp?
6.304,HzG,=
ףp=?
6.308,p=
ף,Q?
6.312,Gz߿,ףp=
?
6.316,)\(,ףp=
?
6.32,Gz߿,RQ?
6.324,,Q?
6.328,,HzG?
6.332,,=
ףp=?
6.336,
ףp=
߿,Q?
6.34,Q޿,(\?
6.344,Gz޿,?
6.348,Gz޿,Q?
6.352,q=
ףpݿ,Q?
6.356,\(\߿,Gz?
6.36,Q޿,?
6.364,Qݿ,p=
ף?
6.368,Qۿ,?
6.372,=
ףp=ڿ,Gz?
6.376,\(\׿,Q?
6.38,(\տ,HzG?
6.384,)\(Կ,{Gz?
6.388,)\(Կ,333333?
6.392,=
ףp=ҿ,(\?
6.396,(\ҿ,RQ?
6.4,Qѿ,333333?
6.404,(\п,q=
ףp?
6.408,Qѿ,Gz?
6.412,333333ӿ,)\(?
6.416,=
ףp=ҿ,?
6.42,(\п,(\?
6.424,HzGѿ,zG?
6.428,ѿ,
6.432,(\п,Q?
6.436,p=
ףп,(\?
6.44,Qѿ,ףp=
?
6.444,\(\Ͽ,Q?
6.448,Qο,)\(?
6.452,\(\Ͽ,333333?
6.456,ѿ,p=
ף?
6.46,Qѿ,
ףp=
?
6.464,Qѿ,{Gz?
6.468,333333ӿ,)\(?
6.472,)\(Կ,?
6.476,Qտ,Q?
6.48,q=
ףpտ,{Gz?
6.484,)\(Կ,Q?
6.488,333333ӿ,
ףp=
?
6.492,=
ףp=ҿ,{Gz?
6.496,zGҿ,Q?
6.5,{GzԿ,{Gz?
6.504,Qտ,Q?
6.508,\(\׿,?
6.512,(\տ,
ףp=
?
6.516,ffffffֿ,Q?
6.52,Qտ,
ףp=
?
6.524,Qտ,Q?
6.528,(\տ,
ףp=
?
6.532,q=
ףpտ,
ףp=
?
6.536,Qֿ,Q?
6.54,ffffffֿ,Q?
6.544,,?
6.548,Qֿ,)\(?
6.552,q=
ףpտ,Q?
6.556,Qտ,Q?
6.56,)\(Կ,Q?
6.564,{GzԿ,?
6.568,Qӿ,Q?
6.572,Qտ,Q?
6.576,ffffffֿ,
6.58,Qֿ,?
6.584,\(\׿,Q?
6.588,RQؿ,{Gzt?
6.592,ffffffֿ,
6.596,{GzԿ,{Gz
6.6,)\(Կ,Q
6.604,)\(Կ,
6.608,ףp=
ӿ,Q
6.612,{GzԿ,
6.616,q=
ףpտ,{Gz
6.62,{GzԿ,Q롿
6.624,HzGѿ,
6.628,p=
ףп,{Gz
6.632,q=
ףpͿ,Q롿
6.636,(\ȿ,Q
6.64,Gzǿ,Q
6.644,(\ſ,{Gz
6.648,
ףp=
ǿ,
6.652,
ףp=
ǿ,{Gz?
6.656,Qſ,{Gz?
6.66,Q,Q?
6.664,Q,Q?
6.668,
ףp=
,
ףp=
?
6.672,(\µ,Q?
6.676,zGế,
ףp=
?
6.68,Q,
ףp=
?
6.684,Q,{Gz?
6.688,(\ȿ,?
6.692,zGʿ,Q?
6.696,Gzο,Q롿
6.7,Qο,Q롿
6.704,q=
ףpͿ,p=
ף
6.708,Gzο,Q뱿
6.712,Q˿,Q뱿
6.716,zGʿ,zGế
6.72,Qο,
6.724,zGҿ,
6.728,)\(Կ,q=
ףp
6.732,Կ,q=
ףp
6.736,
ףp=
׿,
ףp=

6.74,,)\(
6.744,RQؿ,)\(
6.748,HzGٿ,q=
ףp
6.752,ٿ,RQ
6.756,zGڿ,(\µ
6.76,(\ڿ,
6.764,ٿ,)\(
6.768,zGڿ,(\µ
6.772,=
ףp=ڿ,RQ
6.776,(\ؿ,zGế
6.78,
ףp=
׿,
6.784,ffffffֿ,)\(
6.788,
ףp=
׿,RQ
6.792,,q=
ףp
6.796,ٿ,p=
ף
6.8,=
ףp=ڿ,Q
6.804,=
ףp=ڿ,)\(
6.808,RQؿ,
6.812,ٿ,
6.816,p=
ףؿ,Q
6.82,ffffffֿ,q=
ףp
6.824,Qֿ,zGế
6.828,Կ,RQ
6.832,)\(Կ,
6.836,Qѿ,(\µ
6.84,Q˿,
6.844,q=
ףp,)\(
6.848,Q?,)\(
6.852,RQ?,Q
6.856,(\?,(\¿
6.86,(\?,(\ſ
6.864,Q?,(\ſ
6.868,ffffff?,
6.872,\(\?,(\ȿ
6.876,zG?,ܿ
6.88,?,333333
6.884,Gz?,ףp=

6.888,\(\?,ףp=

6.892,Gz?,
6.896,HzG?,
6.9,{Gz?,ףp=

6.904,(\?,)\(
6.908,(\?,{Gz
6.912,zG?,)\(
6.916,ffffff?,=
ףp=
6.92,ffffff?,\(\
6.924,)\(?,333333
6.928,
ףp=
?,Q
6.932,q=
ףp?,ףp=

6.936,Q?,333333
6.94,Gz?,\(\
6.944,Q?,
6.948,,333333
6.952,
ףp=
,ףp=

6.956,Qο,
6.96,Qӿ,
ףp=

6.964,{GzԿ,
ףp=

6.968,zGҿ,(\ݿ
6.972,{GzԿ,\(\׿
6.976,ffffffֿ,q=
ףpͿ
6.98,(\ڿ,Q
6.984,ףp=
ۿ,{Gz?
6.988,Qۿ,q=
ףp?
6.992,{Gzܿ,
ףp=
?
6.996,{Gzܿ,(\?
7,(\ݿ,?
7.004,ܿ,Gz?
7.008,Qݿ,Gz?
7.012,ףp=
ۿ,zG?
7.016,{Gzܿ,zG?
7.02,)\(ܿ,\(\?
7.024,ܿ,
7.028,Qݿ,?
7.032,)\(ܿ,
7.036,=
ףp=ڿ,HzG?
7.04,(\ڿ,HzG?
7.044,333333ۿ,p=
ף?
7.048,=
ףp=ڿ,HzG?
7.052,ܿ,HzG?
7.056,Q޿,(\?
7.06,Gz޿,Q?
7.064,ffffff޿,Q?
7.068,(\ݿ,ffffff?
7.072,Gz޿,ffffff?
7.076,Qݿ,\(\?
7.08,)\(ܿ,
7.084,ffffff޿,?
7.088,RQ,(\?
7.092,{Gz,(\?
7.096,Q,Q?
7.1,(\,333333?
7.104,,?
7.108,Q,Gz?
7.112,Q,
ףp=
?
7.116,q=
ףp,?
7.12,q=
ףp,HzG?
7.124,,q=
ףp?
7.128,Gz,Gz?
7.132,ffffff,Q?
7.136,=
ףp=,)\(?
7.14,(\,RQ?
7.144,,(\?
7.148,Q,ffffff?
7.152,Q,zG?
7.156,Q,\(\?
7.16,Q,RQ?
7.164,(\,HzG?
7.168,zG,Gz?
7.172,Q,(\?
7.176,=
ףp=,Q?
7.18,(\,Gz?
7.184,,ףp=
?
7.188,q=
ףp,Q?
7.192,,p=
ף?
7.196,,{Gz?
7.2,,p=
ף?
7.204,(\,?
7.208,,HzG?
7.212,HzG,HzG?
7.216,p=
ף,p=
ף?
7.22,\(\߿,HzG?
7.224,\(\߿,Q?
7.228,q=
ףpݿ,p=
ף?
7.232,{Gzܿ,333333?
7.236,ףp=
ۿ,zG?
7.24,Qٿ,(\?
7.244,(\ؿ,Q?
7.248,Gz׿,Q?
7.252,
ףp=
׿,Gz?
7.256,Qֿ,Q?
7.26,q=
ףpտ,333333?
7.264,{GzԿ,Q?
7.268,{GzԿ,RQ?
7.272,Qӿ,q=
ףp?
7.276,Qӿ,333333?
7.28,{GzԿ,Gz?
7.284,zGҿ,Q?
7.288,Qѿ,
7.292,Qѿ,?
7.296,(\п,Gz?
7.3,=
ףp=ҿ,(\?
7.304,Qѿ,p=
ף?
7.308,333333ӿ,?
7.312,zGҿ,(\µ?
7.316,Qӿ,333333?
7.32,zGҿ,(\µ?
7.324,{GzԿ,Q?
7.328,zGҿ,{Gz?
7.332,zGҿ,Q?
7.336,Qӿ,Q?
7.34,)\(Կ,Q?
7.344,q=
ףpտ,Q?
7.348,,{Gz?
7.352,Gzֿ,Q?
7.356,ffffffֿ,{Gz?
7.36,Gzֿ,?
7.364,ffffffֿ,Q?
7.368,\(\׿,Q?
7.372,Qֿ,Q?
7.376,,)\(?
7.38,\(\׿,Q?
7.384,Qֿ,Q?
7.388,,Q?
7.392,,333333?
7.396,Gz׿,p=
ף?
7.4,Qֿ,p=
ף?
7.404,Qֿ,
ףp=
?
7.408,Qֿ,)\(?
7.412,\(\׿,p=
ף?
7.416,HzGٿ,Q?
7.42,,)\(?
7.424,Gz׿,)\(?
7.428,
ףp=
׿,Q?
7.432,ffffffֿ,)\(?
7.436,Qֿ,?
7.44,Gz׿,{Gz?
7.444,RQؿ,?
7.448,RQؿ,?
7.452,Gz׿,Q?
7.456,RQؿ,{Gz?
7.46,,Q?
7.464,(\տ,{Gzt?
7.468,q=
ףpտ,{Gz?
7.472,(\տ,Q?
7.476,Gzֿ,{Gz
7.48,Qտ,{Gzt?
7.484,q=
ףpտ,
7.488,)\(Կ,
7.492,Qӿ,{Gz?
7.496,(\ҿ,{Gz
7.5,=
ףp=ҿ,{Gzt?
7.504,\(\Ͽ,Q?
7.508,)\(̿,{Gz?
7.512,)\(̿,
7.516,ɿ,Q?
7.52,=
ףp=ʿ,{Gz?
7.524,Gzǿ,{Gz?
7.528,
ףp=
ǿ,
ףp=
?
7.532,Qſ,{Gz?
7.536,(\ſ,(\µ?
7.54,333333ÿ,
ףp=
?
7.544,HzG,333333?
7.548,HzG,Q?
7.552,(\ſ,)\(?
7.556,ɿ,Q?
7.56,Qο,
ףp=
?
7.564,RQп,
7.568,Qѿ,
7.572,ѿ,{Gz
7.576,Qѿ,{Gz
7.58,(\п,{Gz
7.584,zGҿ,(\µ
7.588,Qӿ,p=
ף
7.592,ףp=
ӿ,RQ
7.596,)\(Կ,
ףp=

7.6,(\տ,333333
7.604,RQؿ,333333
7.608,333333ۿ,333333
7.612,ףp=
ۿ,p=
ף
7.616,333333ۿ,p=
ף
7.62,=
ףp=ڿ,Q
7.624,=
ףp=ڿ,Q
7.628,(\ڿ,
7.632,zGڿ,(\µ
7.636,333333ۿ,Q
7.64,{Gzܿ,p=
ף
7.644,Qۿ,{Gz
7.648,=
ףp=ڿ,)\(
7.652,ٿ,(\µ
7.656,(\ڿ,333333
7.66,(\ڿ,{Gz
7.664,ףp=
ۿ,Q뱿
7.668,{Gzܿ,RQ
7.672,{Gzܿ,333333
7.676,333333ۿ,Q뱿
7.68,333333ۿ,)\(
7.684,zGڿ,{Gz
7.688,ٿ,
ףp=

7.692,Qٿ,zGế
7.696,,{Gz
7.7,Qֿ,
ףp=

7.704,{GzԿ,
ףp=

7.708,,
ףp=

7.712,HzG,{Gz
7.716,)\(?,RQ
7.72,(\?,(\µ
7.724,,
7.728,Gz?,zGế
7.732,Q?,)\(
7.736,Q?,(\µ
7.74,,)\(̿
7.744,\(\?,
7.748,(\?,p=
ף
7.752,?,zG
7.756,RQ?,=
ףp=
7.76,333333?,
7.764,(\?,=
ףp=
7.768,\(\?,
ףp=
	
7.772,(\?,\(\	
7.776,Q?,\(\	
7.78,(\?,
7.784,(\?,Q
7.788,Q?,(\
7.792,ffffff?,(\
7.796,ףp=
?,q=
ףp
7.8,,\(\
7.804,,zG
7.808,ףp=
?,Q
7.812,(\?,Q
7.816,)\(?,Q
7.82,,)\(
7.824,Qӿ,HzG
7.828,(\ؿ,
7.832,ٿ,p=
ף
7.836,Gz׿,zGڿ
7.84,ٿ,333333ӿ
7.844,q=
ףpݿ,RQȿ
7.848,\(\߿,)\(
7.852,,Q?
7.856,HzG,ףp=
?
7.86,Q,zG?
7.864,p=
ף,Q?
7.868,Gz߿,\(\?
7.872,
ףp=
߿,RQ?
7.876,(\ݿ,=
ףp=?
7.88,
ףp=
߿,HzG?
7.884,)\(,p=
ף?
7.888,{Gz,(\?
7.892,(\,(\?
7.896,(\,)\(?
7.9,,)\(?
7.904,p=
ף,Q?
7.908,\(\߿,q=
ףp?
7.912,Gz߿,ffffff?
7.916,Gz߿,Q?
7.92,p=
ף,ffffff?
7.924,RQ,\(\?
7.928,{Gz,HzG?
7.932,RQ,(\?
7.936,(\,Q?
7.94,Q,=
ףp=?
7.944,{Gz,Q?
7.948,Q,(\?
7.952,(\,(\?
7.956,q=
ףp,{Gz?
7.96,Gz,Gz?
7.964,ffffff,)\(?
7.968,Q,RQ?
7.972,Q,(\?
7.976,Q,(\?
7.98,Q,=
ףp=?
7.984,zG,
ףp=
?
7.988,zG,ףp=
?
7.992,\(\,\(\?
7.996,
ףp=
,{Gz?
8,
ףp=
,q=
ףp?
8.004,)\(,Gz?
8.008,{Gz,333333?
8.012,,333333?
8.016,Gz,?
8.02,,Q?
8.024,{Gz,Q?
8.028,{Gz,
ףp=
?
8.032,HzG,zG?
8.036,,
8.04,(\,RQ?
8.044,(\,HzG?
8.048,(\,?
8.052,ףp=
,ffffff?
8.056,,Q?
8.06,333333,(\?
8.064,Q,333333?
8.068,333333,\(\?
8.072,Q,Q?
8.076,zG,Q?
8.08,zG,\(\?
8.084,Gz,ףp=
?
8.088,Q,Q?
8.092,Q,333333?
8.096,HzG,q=
ףp?
8.1,,Q?
8.104,,ףp=
?
8.108,\(\߿,zG?
8.112,(\ݿ,=
ףp=?
8.116,ףp=
ۿ,HzG?
8.12,zGڿ,Gz?
8.124,zGڿ,Q?
8.128,Qٿ,Q?
8.132,RQؿ,(\?
8.136,Gz׿,
8.14,HzGٿ,Q?
8.144,HzGٿ,(\?
8.148,Qٿ,Q?
8.152,ٿ,Q?
8.156,,HzG?
8.16,(\տ,Gz?
8.164,Կ,Gz?
8.168,Կ,(\?
8.172,(\տ,p=
ף?
8.176,
ףp=
׿,)\(?
8.18,Gz׿,
ףp=
?
8.184,ٿ,333333?
8.188,(\ڿ,Q?
8.192,ٿ,p=
ף?
8.196,p=
ףؿ,?
8.2,RQؿ,?
8.204,p=
ףؿ,{Gz?
8.208,RQؿ,?
8.212,p=
ףؿ,Q?
8.216,p=
ףؿ,
ףp=
?
8.22,(\ڿ,?
8.224,(\ڿ,p=
ף?
8.228,ףp=
ۿ,Q?
8.232,{Gzܿ,333333?
8.236,333333ۿ,)\(?
8.24,333333ۿ,p=
ף?
8.244,ܿ,333333?
8.248,(\ݿ,Q?
8.252,{Gzܿ,p=
ף?
8.256,)\(ܿ,(\µ?
8.26,{Gzܿ,zG?
8.264,{Gzܿ,
ףp=
?
8.268,{Gzܿ,(\µ?
8.272,zGڿ,(\µ?
8.276,=
ףp=ڿ,?
8.28,=
ףp=ڿ,zG?
8.284,333333ۿ,
ףp=
?
8.288,ףp=
ۿ,333333?
8.292,(\ݿ,)\(?
8.296,Qݿ,(\µ?
8.3,Qݿ,Q?
8.304,{Gzܿ,
ףp=
?
8.308,ףp=
ۿ,Q?
8.312,)\(ܿ,p=
ף?
8.316,(\ڿ,Q?
8.32,ףp=
ۿ,{Gz?
8.324,ףp=
ۿ,
ףp=
?
8.328,(\ڿ,?
8.332,=
ףp=ڿ,Q?
8.336,(\ؿ,Q?
8.34,ٿ,{Gz?
8.344,(\ؿ,{Gz?
8.348,Qٿ,
8.352,p=
ףؿ,
8.356,Qֿ,{Gzt?
8.36,Gzֿ,{Gz?
8.364,(\տ,{Gzt?
8.368,Gzֿ,{Gzt?
8.372,)\(Կ,Q?
8.376,Qӿ,Q?
8.38,,{Gz?
8.384,Gzο,Q?
8.388,Q˿,Q?
8.392,
ףp=
ǿ,p=
ף?
8.396,(\ȿ,333333?
8.4,RQȿ,
ףp=
?
8.404,=
ףp=ʿ,
8.408,Qο,?
8.412,Gzο,{Gz?
8.416,,RQ?
8.42,=
ףp=ҿ,(\µ?
8.424,=
ףp=ҿ,{Gz?
8.428,Qӿ,{Gz?
8.432,Կ,
8.436,Qֿ,
8.44,ffffffֿ,
8.444,Qտ,
ףp=

8.448,(\տ,
ףp=

8.452,Qտ,)\(
8.456,p=
ףؿ,
8.46,ٿ,
ףp=

8.464,zGڿ,
ףp=

8.468,{Gzܿ,RQ
8.472,Gz޿,
ףp=

8.476,ffffff޿,{Gz
8.48,q=
ףpݿ,)\(
8.484,Qݿ,p=
ף
8.488,Gz޿,Q
8.492,,{Gz
8.496,(\,{Gz
8.5,RQ,
ףp=

8.504,RQ,RQ
8.508,(\,{Gz
8.512,Q,{Gz
8.516,p=
ף,Q뱿
8.52,,333333
8.524,(\,(\µ
8.528,RQ,{Gz
8.532,,
ףp=

8.536,RQ,)\(
8.54,)\(,333333
8.544,)\(,Q뱿
8.548,RQ,{Gz
8.552,)\(,p=
ף
8.556,\(\߿,{Gz
8.56,ܿ,(\µ
8.564,Qۿ,RQ
8.568,HzGٿ,zGế
8.572,q=
ףpտ,q=
ףp
8.576,̿,(\µ
8.58,
ףp=
,zGế
8.584,(\?,q=
ףp
8.588,ףp=
?,Q
8.592,Q?,HzG
8.596,zG?,
8.6,Q?,
ףp=

8.604,=
ףp=?,=
ףp=ʿ
8.608,p=
ף?,Gz
8.612,(\?,Gz
8.616,\(\?,RQ
8.62,RQ?,HzG
8.624,(\?,Q
8.628,q=
ףp?,Q	
8.632,Q?,(\	
8.636,Q?,
8.64,HzG?,333333

8.644,\(\?,Q	
8.648,,(\
8.652,q=
ףp?,Q
8.656,?,HzG
8.66,(\µ?,(\
8.664,ffffff?,
ףp=

8.668,RQ?,Q
8.672,(\?,(\
8.676,RQ?,\(\
8.68,)\(?,(\
8.684,Gzǿ,(\
8.688,\(\׿,(\
8.692,q=
ףpݿ,Q
8.696,Gz޿,=
ףp=
8.7,ףp=
ۿ,ܿ
8.704,ܿ,ffffffֿ
8.708,{Gz,̿
8.712,Q,
8.716,Q,Q?
8.72,ffffff,ףp=
?
8.724,zG,=
ףp=?
8.728,333333,?
8.732,Q,Gz?
8.736,\(\,p=
ף?
8.74,
ףp=
,
8.744,333333,RQ?
8.748,ffffff,?
8.752,Gz,RQ?
8.756,=
ףp=,(\?
8.76,(\,HzG?
8.764,zG,Q?
8.768,Gz,zG?
8.772,=
ףp=,333333?
8.776,Q,)\(?
8.78,ffffff,ףp=
?
8.784,333333,ףp=
?
8.788,Gz,(\?
8.792,,(\?
8.796,,Q?
8.8,RQ,\(\?
8.804,{Gz,
8.808,ףp=
,
8.812,)\(,Q?
8.816,{Gz,=
ףp=?
8.82,Gz,zG?
8.824,RQ,ffffff?
8.828,{Gz,\(\?
8.832,q=
ףp,Gz?
8.836,(\,Gz?
8.84,q=
ףp,p=
ף?
8.844,Q,HzG?
8.848,Q,ffffff?
8.852,HzG,=
ףp=?
8.856,,\(\?
8.86,Q,
8.864,(\,RQ?
8.868,q=
ףp,{Gz?
8.872,(\,Gz?
8.876,,zG?
8.88,Q,Gz?
8.884,zG,{Gz?
8.888,\(\,?
8.892,ffffff,=
ףp=?
8.896,Q,ffffff?
8.9,\(\,
ףp=
?
8.904,zG,ףp=
?
8.908,Q,ףp=
?
8.912,ffffff,p=
ף?
8.916,Gz,(\?
8.92,(\,q=
ףp?
8.924,Q,Q?
8.928,,Q?
8.932,RQ,Gz?
8.936,RQ,(\?
8.94,RQ,ffffff?
8.944,{Gz,(\?
8.948,RQ,Q?
8.952,333333,HzG?
8.956,\(\,HzG?
8.96,333333,?
8.964,=
ףp=,Q?
8.968,,(\?
8.972,(\,?
8.976,{Gz,?
8.98,Gz߿,Gz?
8.984,q=
ףpݿ,HzG?
8.988,q=
ףpݿ,p=
ף?
8.992,(\ݿ,zG?
8.996,
ףp=
߿,(\?
9,(\ݿ,
ףp=
?
9.004,{Gzܿ,zG?
9.008,ףp=
ۿ,p=
ף?
9.012,Qۿ,ףp=
?
9.016,Qݿ,zG?
9.02,q=
ףpݿ,p=
ף?
9.024,{Gzܿ,?
9.028,q=
ףpݿ,Q?
9.032,Qݿ,Q?
9.036,ܿ,zG?
9.04,ܿ,p=
ף?
9.044,ܿ,)\(?
9.048,{Gzܿ,{Gz?
9.052,(\ݿ,Q?
9.056,\(\߿,Q?
9.06,ffffff޿,{Gz?
9.064,q=
ףpݿ,{Gz?
9.068,ܿ,Q
9.072,ܿ,{Gzt?
9.076,q=
ףpݿ,{Gzt?
9.08,Gz޿,{Gzt
9.084,Gz޿,
9.088,RQ,{Gzt
9.092,Q,
9.096,\(\߿,Q?
9.1,,Q?
9.104,Q޿,{Gz?
9.108,ffffff޿,Q?
9.112,\(\߿,{Gz?
9.116,)\(,Q?
9.12,
ףp=
߿,
9.124,Q޿,{Gz?
9.128,
ףp=
߿,Q?
9.132,,Q?
9.136,\(\߿,?
9.14,Gz߿,Q?
9.144,p=
ף,{Gz?
9.148,)\(,
9.152,Q޿,{Gz?
9.156,RQ,
9.16,RQ,
9.164,Q,{Gz?
9.168,,{Gzt?
9.172,p=
ף,
9.176,Gz߿,Q
9.18,Q޿,
9.184,q=
ףpݿ,
9.188,ffffff޿,
9.192,\(\߿,Q
9.196,ffffff޿,Q롿
9.2,Qݿ,
ףp=

9.204,q=
ףpݿ,{Gz
9.208,q=
ףpݿ,Q
9.212,)\(ܿ,Q롿
9.216,ٿ,Q
9.22,p=
ףؿ,Q
9.224,ffffffֿ,
9.228,q=
ףpտ,Q
9.232,Կ,
ףp=

9.236,Կ,{Gz
9.24,{GzԿ,
ףp=

9.244,Qӿ,{Gz
9.248,(\п,
9.252,̿,
9.256,q=
ףpͿ,Q?
9.26,zGʿ,
9.264,=
ףp=ʿ,Q?
9.268,q=
ףpͿ,)\(?
9.272,p=
ףп,Q?
9.276,ѿ,?
9.28,HzGѿ,Q?
9.284,=
ףp=ҿ,{Gz?
9.288,(\п,Q롿
9.292,zGҿ,Q
9.296,{GzԿ,{Gz
9.3,\(\׿,{Gz
9.304,Gz׿,
ףp=

9.308,Qֿ,RQ
9.312,Gz׿,RQ
9.316,ٿ,Q
9.32,RQؿ,HzG
9.324,Qٿ,q=
ףp
9.328,ףp=
ۿ,
9.332,ףp=
ۿ,Q
9.336,ffffff޿,Q
9.34,ffffff޿,HzG
9.344,q=
ףpݿ,zGế
9.348,\(\߿,)\(
9.352,{Gz,
9.356,HzG,
9.36,(\,(\¿
9.364,,p=
ף
9.368,,HzG
9.372,
ףp=
߿,HzG
9.376,Gz߿,Q
9.38,Gz߿,Q
9.384,Gz߿,Q
9.388,(\ݿ,Q
9.392,(\ݿ,Q
9.396,ܿ,q=
ףp
9.4,Qݿ,HzG
9.404,ffffff޿,
9.408,,HzG
9.412,
ףp=
߿,
9.416,Q޿,p=
ף
9.42,{Gzܿ,q=
ףp
9.424,p=
ףؿ,)\(
9.428,q=
ףpտ,
9.432,(\п,q=
ףp
9.436,(\¿,p=
ף
9.44,
ףp=
?,Q
9.444,=
ףp=?,(\¿
9.448,p=
ף?,Q
9.452,\(\?,{GzĿ
9.456,p=
ף?,ףp=
ÿ
9.46,Gz?,ףp=
ÿ
9.464,{Gz?,
9.468,Q?,
9.472,(\?,ףp=

9.476,q=
ףp?,Gz
9.48,ffffff?,zG
9.484,(\?,
9.488,RQ?,ffffff
9.492,RQ?,HzG	
9.496,?,q=
ףp	
9.5,(\?,Q	
9.504,Gz?,\(\	
9.508,333333?,(\
9.512,333333?,(\
9.516,ףp=
?,RQ
9.52,,333333
9.524,(\?,(\
9.528,?,ffffff
9.532,)\(?,=
ףp=
9.536,Gz?,(\
9.54,{Gz?,HzG
9.544,Qſ,Gz
9.548,ףp=
ӿ,HzG
9.552,\(\׿,333333
9.556,
ףp=
׿,(\
9.56,\(\׿,Gz޿
9.564,Qٿ,
ףp=
׿
9.568,(\ݿ,Gzο
9.572,)\(,q=
ףp
9.576,
ףp=
߿,{Gzt?
9.58,Gz߿,?
9.584,Gz޿,333333?
9.588,(\ݿ,(\?
9.592,Gz߿,Q?
9.596,RQ,333333?
9.6,RQ,ףp=
?
9.604,
ףp=
߿,?
9.608,(\ݿ,=
ףp=?
9.612,(\ݿ,?
9.616,ܿ,q=
ףp?
9.62,{Gzܿ,)\(?
9.624,ܿ,zG?
9.628,ܿ,?
9.632,Q޿,Q?
9.636,\(\߿,Gz?
9.64,Q޿,\(\?
9.644,\(\߿,p=
ף?
9.648,)\(,(\?
9.652,
ףp=
߿,?
9.656,ffffff޿,Q?
9.66,\(\߿,=
ףp=?
9.664,\(\߿,zG?
9.668,,ףp=
?
9.672,q=
ףp,?
9.676,q=
ףp,(\?
9.68,HzG,ffffff?
9.684,p=
ף,ffffff?
9.688,p=
ף,
9.692,(\,HzG?
9.696,(\,?
9.7,,zG?
9.704,=
ףp=,{Gz?
9.708,=
ףp=,Q?
9.712,ffffff,Gz?
9.716,333333,Gz?
9.72,Gz,p=
ף?
9.724,(\,p=
ף?
9.728,(\,?
9.732,
ףp=
,(\?
9.736,333333,
ףp=
?
9.74,)\(,Gz?
9.744,p=
ף,RQ?
9.748,Q,?
9.752,,(\?
9.756,{Gz,zG?
9.76,RQ,zG?
9.764,,ףp=
?
9.768,Gz,p=
ף?
9.772,{Gz,?
9.776,RQ,?
9.78,RQ,(\?
9.784,Gz,Gz?
9.788,ףp=
,Q?
9.792,333333,(\?
9.796,
ףp=
,(\?
9.8,333333,ffffff?
9.804,=
ףp=,ffffff?
9.808,Gz,333333?
9.812,Gz,=
ףp=?
9.816,(\,Gz?
9.82,(\,(\?
9.824,p=
ף,?
9.828,RQ,)\(?
9.832,Gz޿,Q?
9.836,{Gzܿ,?
9.84,)\(ܿ,)\(?
9.844,ܿ,ffffff?
9.848,ףp=
ۿ,q=
ףp?
9.852,333333ۿ,p=
ף?
9.856,ٿ,Q?
9.86,=
ףp=ڿ,=
ףp=?
9.864,(\ؿ,
ףp=
?
9.868,
ףp=
׿,)\(?
9.872,
ףp=
׿,p=
ף?
9.876,RQؿ,zG?
9.88,RQؿ,{Gz?
9.884,,(\?
9.888,Gz׿,?
9.892,RQؿ,Q?
9.896,p=
ףؿ,
ףp=
?
9.9,HzGٿ,
9.904,(\ؿ,{Gz
9.908,ٿ,{Gz
9.912,,
ףp=

9.916,333333ۿ,Q
9.92,333333ۿ,333333
9.924,Qٿ,{Gz
9.928,Qٿ,)\(
9.932,333333ۿ,{Gz
9.936,zGڿ,p=
ף
9.94,=
ףp=ڿ,(\µ
9.944,(\ڿ,333333
9.948,zGڿ,
ףp=

9.952,zGڿ,q=
ףp
9.956,)\(ܿ,Q뱿
9.96,Q޿,Q뱿
9.964,ףp=
ۿ,Q
9.968,Qۿ,333333
9.972,333333ۿ,Q
9.976,=
ףp=ڿ,p=
ף
9.98,zGڿ,p=
ף
9.984,Gz޿,
9.988,Q޿,333333
9.992,Gz޿,333333
9.996,ffffff޿,)\(
10,q=
ףpݿ,Q
10.004,ffffff޿,
ףp=

10.008,Q޿,{Gz
10.012,Qݿ,Q
10.016,333333ۿ,Q뱿
10.02,q=
ףpݿ,Q뱿
10.024,(\ݿ,{Gz
10.028,Qݿ,(\µ
10.032,ffffff޿,p=
ף
10.036,q=
ףpݿ,333333
10.04,{Gzܿ,p=
ף
10.044,Qۿ,333333
10.048,=
ףp=ڿ,
10.052,ٿ,
10.056,=
ףp=ڿ,
10.06,zGڿ,zGế
10.064,Qۿ,
10.068,ףp=
ۿ,RQ
10.072,(\ڿ,zGế
10.076,HzGٿ,)\(
10.08,q=
ףpտ,Q
10.084,(\п,Q
10.088,q=
ףpͿ,Q
10.092,)\(̿,
10.096,q=
ףpͿ,
10.1,p=
ףп,333333
10.104,(\п,Q뱿
10.108,=
ףp=ʿ,
10.112,(\¿,Q롿
10.116,zGế,
10.12,zGế,
10.124,)\(,
ףp=

10.128,q=
ףp,)\(
10.132,q=
ףp,{Gz
10.136,
ףp=
ǿ,Q
10.14,\(\Ͽ,
10.144,333333ӿ,Q
10.148,Qѿ,
10.152,,(\µ
10.156,)\(̿,zGế
10.16,Gzο,p=
ף
10.164,HzGѿ,{GzĿ
10.168,{GzԿ,ffffffƿ
10.172,Qֿ,{GzĿ
10.176,zGڿ,Qſ
10.18,q=
ףpݿ,{GzĿ
10.184,(\ݿ,RQȿ
10.188,p=
ףؿ,=
ףp=ʿ
10.192,
ףp=
׿,=
ףp=ʿ
10.196,Qֿ,=
ףp=ʿ
10.2,ٿ,)\(̿
10.204,q=
ףpݿ,=
ףp=ʿ
10.208,(\,Gzǿ
10.212,Q,(\ȿ
10.216,RQ,
ףp=
ǿ
10.22,zG,(\ſ
10.224,Q޿,Gzǿ
10.228,ٿ,RQȿ
10.232,RQؿ,Q˿
10.236,(\ؿ,zGʿ
10.24,Qֿ,zGʿ
10.244,Qӿ,=
ףp=ʿ
10.248,)\(Կ,(\ſ
10.252,ffffffֿ,Q
10.256,(\տ,(\¿
10.26,HzGѿ,{GzĿ
10.264,ɿ,333333ÿ
10.268,ffffffƿ,
ףp=
ǿ
10.272,Gzǿ,zGʿ
10.276,RQȿ,ɿ
10.28,zGʿ,q=
ףpͿ
10.284,)\(̿,RQȿ
10.288,q=
ףpͿ,
ףp=
ǿ
10.292,
ףp=
ǿ,{GzĿ
10.296,Q,ffffffƿ
10.3,RQ?,
ףp=
ǿ
10.304,(\?,=
ףp=ʿ
10.308,p=
ף?,RQп
10.312,(\?,(\п
10.316,p=
ף?,p=
ףп
10.32,Q?,q=
ףpͿ
10.324,\(\?,Q˿
10.328,?,p=
ףؿ
10.332,
ףp=
?,333333
10.336,Gz?,ףp=

10.34,RQ?,
ףp=

10.344,)\(?,)\(
10.348,ףp=
?,q=
ףp	
10.352,ףp=
?,(\

10.356,Gz?,
ףp=

10.36,(\?,{Gz
10.364,\(\?,p=
ף
10.368,=
ףp=?,\(\
10.372,)\(?,Gz

10.376,ףp=
?,333333	
10.38,p=
ף?,333333
10.384,RQ?,333333
10.388,Q?,q=
ףp
10.392,Gz?,
10.396,(\?,Gz
10.4,ףp=
?,zG
10.404,Q?,Gz
10.408,zG?,HzG
10.412,zG?,\(\
10.416,?,\(\
10.42,{Gz,Gz
10.424,Q,
10.428,{Gz,Q
10.432,RQ,ܿ
10.436,HzG,=
ףp=ҿ
10.44,333333ÿ,ףp=
ÿ
10.444,
ףp=
ǿ,
ףp=

10.448,
ףp=
ǿ,
ףp=
?
10.452,ffffffƿ,333333?
10.456,ףp=
ÿ,{Gz?
10.46,333333ÿ,Q?
10.464,ffffffƿ,Q?
10.468,RQȿ,
ףp=
?
10.472,RQȿ,
ףp=
?
10.476,(\ſ,zG?
10.48,HzG,RQ?
10.484,)\(,
ףp=
?
10.488,{GzĿ,
ףp=
?
10.492,RQȿ,{Gz?
10.496,{GzĿ,(\µ?
10.5,p=
ף,333333?
10.504,,ffffff?
10.508,zGế,ffffff?
10.512,
ףp=
,ףp=
?
10.516,)\(,(\?
10.52,HzG,(\?
10.524,)\(,?
10.528,,?
10.532,Q,?
10.536,ffffffƿ,)\(?
10.54,{GzĿ,p=
ף?
10.544,333333ÿ,=
ףp=?
10.548,ףp=
ÿ,333333?
10.552,333333ÿ,{Gz?
10.556,q=
ףp,(\?
10.56,p=
ף,q=
ףp?
10.564,q=
ףp,Q?
10.568,q=
ףp,HzG?
10.572,q=
ףp,{Gz?
10.576,
ףp=
ǿ,ףp=
?
10.58,)\(̿,Gz?
10.584,q=
ףpͿ,
10.588,Q˿,Q?
10.592,q=
ףpͿ,ffffff?
10.596,(\ȿ,Gz?
10.6,ffffffƿ,Q?
10.604,{GzĿ,?
10.608,ףp=
ÿ,Q?
10.612,=
ףp=ʿ,333333?
10.616,Gzο,p=
ף?
10.62,RQп,(\?
10.624,q=
ףpͿ,Q?
10.628,RQȿ,(\?
10.632,(\ſ,zG?
10.636,{GzĿ,\(\?
10.64,ףp=
ÿ,\(\?
10.644,{GzĿ,Gz?
10.648,(\ſ,p=
ף?
10.652,(\ȿ,{Gz?
10.656,ɿ,p=
ף?
10.66,ffffffƿ,Q?
10.664,Q,?
10.668,(\µ,Q?
10.672,
ףp=
,(\?
10.676,
ףp=
,?
10.68,{Gz,p=
ף?
10.684,{Gz,ףp=
?
10.688,{Gz,333333?
10.692,{Gz,ffffff?
10.696,,HzG?
10.7,{Gz?,
ףp=
?
10.704,Q?,Q?
10.708,Q?,ףp=
?
10.712,
ףp=
?,{Gz?
10.716,(\µ?,q=
ףp?
10.72,RQ?,Q?
10.724,p=
ף?,?
10.728,?,(\?
10.732,
ףp=
?,Gz?
10.736,Q?,(\?
10.74,RQ?,RQ?
10.744,333333?,?
10.748,Q?,Q
10.752,Q?,Q
10.756,(\µ?,
ףp=

10.76,(\µ?,p=
ף
10.764,
ףp=
?,ףp=
ÿ
10.768,(\µ?,(\ſ
10.772,(\µ?,=
ףp=ʿ
10.776,)\(?,q=
ףpͿ
10.78,?,Q˿
10.784,{Gz?,̿
10.788,?,̿
10.792,?,q=
ףpͿ
10.796,Q?,
10.8,{Gz?,RQп
10.804,Q?,Gzο
10.808,Q?,q=
ףpͿ
10.812,{Gzt?,q=
ףpͿ
10.816,Q,Qο
10.82,,\(\Ͽ
10.824,Q,)\(̿
10.828,
ףp=
,)\(̿
10.832,,zGʿ
10.836,{Gzt?,q=
ףpͿ
10.84,Q,)\(̿
10.844,{Gz,ɿ
10.848,{Gz,̿
10.852,333333,zGʿ
10.856,Q뱿,Q˿
10.86,{Gz,Q˿
10.864,{Gz,ɿ
10.868,,RQȿ
10.872,{Gzt,)\(̿
10.876,,̿
10.88,{Gz,(\п
10.884,{Gz,\(\Ͽ
10.888,)\(,q=
ףpͿ
10.892,Q뱿,Qο
10.896,(\µ,̿
10.9,(\µ,Qο
10.904,(\µ,)\(̿
10.908,(\µ,zGʿ
10.912,Q,p=
ףп
10.916,,HzGѿ
10.92,Q,zGҿ
10.924,{Gzt,p=
ףп
10.928,{Gz?,ѿ
10.932,Q?,Qο
10.936,{Gz?,p=
ףп
10.94,{Gz?,(\п
10.944,?,HzGѿ
10.948,p=
ף?,(\ҿ
10.952,(\µ?,p=
ףп
10.956,
ףp=
?,Qο
10.96,)\(?,Gzο
10.964,p=
ף?,Qο
10.968,(\?,q=
ףpͿ
10.972,,)\(̿
10.976,(\?,)\(̿
10.98,Q?,
ףp=
ǿ
10.984,ffffff?,zGʿ
10.988,333333?,(\ȿ
10.992,Q?,(\ȿ
10.996,RQ?,̿
11,)\(?,Gzο
11.004,{Gz?,p=
ףп
11.008,Q?,ѿ
11.012,?,ѿ
11.016,,Qӿ
11.02,{Gz?,q=
ףpտ
11.024,{Gzt?,ffffffֿ
11.028,{Gz?,ffffffֿ
11.032,{Gzt,Gz׿
11.036,Q롿,HzGٿ
11.04,333333,Gz׿
11.044,)\(,(\ؿ
11.048,(\¿,RQؿ
11.052,
ףp=
ǿ,\(\׿
11.056,(\ſ,Gzֿ
11.06,{GzĿ,ffffffֿ
11.064,333333ÿ,
ףp=
׿
11.068,Qſ,Qֿ
11.072,(\ſ,Qֿ
11.076,
ףp=
ǿ,{GzԿ
11.08,zGʿ,q=
ףpտ
11.084,̿,Gzֿ
11.088,q=
ףpͿ,ffffffֿ
11.092,\(\Ͽ,q=
ףpտ
11.096,̿,{GzԿ
11.1,ɿ,{GzԿ
11.104,RQȿ,(\տ
11.108,Q˿,ffffffֿ
11.112,zGʿ,ffffffֿ
11.116,)\(̿,
ףp=
׿
11.12,)\(̿,Qֿ
11.124,q=
ףpͿ,(\տ
11.128,zGʿ,(\տ
11.132,zGʿ,q=
ףpտ
11.136,
ףp=
ǿ,(\տ
11.14,Qſ,q=
ףpտ
11.144,HzG,ףp=
ӿ
11.148,(\µ,Կ
11.152,{Gz,Կ
11.156,)\(?,(\տ
11.16,(\?,{GzԿ
11.164,)\(?,(\տ
11.168,?,Qֿ
11.172,,ffffffֿ
11.176,=
ףp=?,
11.18,HzG?,
11.184,Gz?,Q
11.188,Q?,zG
11.192,Q?,Q
11.196,
ףp=
?,Gz
11.2,ףp=
?,
11.204,ffffff?,RQ

11.208,Gz?,ffffff
11.212,(\?,Q
11.216,?,(\
11.22,=
ףp=?,)\(
11.224,Gz?,(\
11.228,Gz?,\(\
11.232,(\?,Q

11.236,{Gz?,ףp=

11.24,zG?,Q
11.244,RQ?,Gz
11.248,RQ?,Gz
11.252,(\?,{Gz
11.256,,Q
11.26,Q?,Q
11.264,{Gz?,Q
11.268,333333,Q
11.272,333333ÿ,(\
11.276,ףp=
ÿ,ףp=

11.28,,333333
11.284,ףp=
ÿ,\(\
11.288,zGʿ,Gz޿
11.292,=
ףp=ҿ,)\(Կ
11.296,ѿ,ףp=
ÿ
11.3,Qӿ,{Gz
11.304,333333ӿ,)\(?
11.308,Qӿ,333333?
11.312,ѿ,
ףp=
?
11.316,ѿ,Q?
11.32,HzGѿ,
ףp=
?
11.324,,{Gz?
11.328,p=
ףп,(\µ?
11.332,(\ҿ,?
11.336,ףp=
ӿ,zG?
11.34,)\(Կ